,Total # Comm,# Nodes in Comms,% Nodes in Comms,# of Nodes in Network,count,mean,std,min,25%,50%,75%,max,Community Algo
2011,99,476,0.10847766636280766,4388,99.0,4.808080808080808,4.980936654143184,3.0,3.0,3.0,4.0,33.0,k_clique
2012,76,433,0.09588131089459699,4516,76.0,5.697368421052632,11.324333371805565,3.0,3.0,3.0,4.0,94.0,k_clique
2013,75,390,0.08034610630407911,4854,75.0,5.2,11.93677035409858,3.0,3.0,3.0,4.0,106.0,k_clique
2014,89,432,0.09189534141671984,4701,89.0,4.853932584269663,7.135937477109911,3.0,3.0,3.0,4.0,61.0,k_clique
2015,73,393,0.0816368923971749,4814,73.0,5.383561643835616,9.212959074927337,3.0,3.0,3.0,4.0,79.0,k_clique
2016,101,516,0.10723192019950124,4812,101.0,5.108910891089109,6.796912519812225,3.0,3.0,3.0,4.0,57.0,k_clique
2017,115,533,0.11396194141543725,4677,115.0,4.6347826086956525,8.791274017788028,3.0,3.0,3.0,4.0,94.0,k_clique
2018,100,474,0.10290924880590534,4606,100.0,4.74,10.516576621619008,3.0,3.0,3.0,4.0,107.0,k_clique
2019,82,458,0.09742607955754094,4701,82.0,5.585365853658536,11.325652320364716,3.0,3.0,3.0,4.0,98.0,k_clique
2020,104,528,0.11303789338471419,4671,104.0,5.076923076923077,11.631637729308375,3.0,3.0,3.0,4.0,120.0,k_clique
2021,96,490,0.10647544545849631,4602,96.0,5.104166666666667,10.015229630987182,3.0,3.0,3.0,4.0,100.0,k_clique
