,Total # Comm,# Nodes in Comms,% Nodes in Comms,# of Nodes in Network,count,mean,std,min,25%,50%,75%,max,Community Algo
2011,102,488,0.1106325096350034,4411,102.0,4.784313725490196,4.7754061586225065,3.0,3.0,3.0,4.0,34.0,k_clique
2012,79,435,0.0956043956043956,4550,79.0,5.506329113924051,11.262455689000785,3.0,3.0,3.0,4.0,94.0,k_clique
2013,67,383,0.07885526044883673,4857,67.0,5.7164179104477615,9.885413144367101,3.0,3.0,3.0,4.0,80.0,k_clique
2014,79,373,0.07822986577181208,4768,79.0,4.7215189873417724,6.203672834495341,3.0,3.0,3.0,4.0,56.0,k_clique
2015,85,423,0.08786871624428749,4814,85.0,4.976470588235294,7.219313498869418,3.0,3.0,3.0,4.0,64.0,k_clique
2016,90,454,0.09622721492157695,4718,90.0,5.044444444444444,8.226991901983727,3.0,3.0,3.0,4.0,76.0,k_clique
2017,110,541,0.11498405951115834,4705,110.0,4.918181818181818,9.224152399520202,3.0,3.0,3.0,4.0,97.0,k_clique
2018,92,454,0.0978448275862069,4640,92.0,4.934782608695652,10.189203883346202,3.0,3.0,3.0,4.0,98.0,k_clique
2019,79,432,0.09228797265541551,4681,79.0,5.468354430379747,12.38054247086,3.0,3.0,3.0,4.0,112.0,k_clique
2020,115,538,0.11652588260775396,4617,115.0,4.678260869565217,8.452704151643431,3.0,3.0,3.0,4.0,89.0,k_clique
2021,100,494,0.10729800173761946,4604,100.0,4.94,9.595685057210442,3.0,3.0,3.0,4.0,98.0,k_clique
