,Total # Comm,# Nodes in Comms,% Nodes in Comms,# of Nodes in Network,count,mean,std,min,25%,50%,75%,max,Community Algo
2011,103,4388,1.0,4388,103.0,42.601941747572816,54.367547234274646,1.0,1.0,15.0,64.0,218.0,louvain
2012,89,4516,1.0,4516,89.0,50.741573033707866,54.65501891822918,1.0,2.0,36.0,87.0,199.0,louvain
2013,89,4854,1.0,4854,89.0,54.53932584269663,56.86828005850954,1.0,1.0,31.0,94.0,223.0,louvain
2014,75,4701,1.0,4701,75.0,62.68,53.78565065346164,1.0,12.0,55.0,106.5,214.0,louvain
2015,84,4814,1.0,4814,84.0,57.30952380952381,56.339755954169064,1.0,2.0,47.0,90.5,224.0,louvain
2016,86,4812,1.0,4812,86.0,55.95348837209303,60.578759037402115,1.0,1.0,31.0,99.75,253.0,louvain
2017,78,4677,1.0,4677,78.0,59.96153846153846,58.83135534413918,1.0,3.25,44.5,102.0,261.0,louvain
2018,76,4606,1.0,4606,76.0,60.60526315789474,57.71587394524282,1.0,1.75,48.5,96.75,251.0,louvain
2019,74,4701,1.0,4701,74.0,63.527027027027025,48.231525804719396,1.0,22.0,64.0,96.0,205.0,louvain
2020,73,4671,1.0,4671,73.0,63.986301369863014,56.33863218438939,1.0,3.0,54.0,105.0,220.0,louvain
2021,62,4602,1.0,4602,62.0,74.2258064516129,52.44463727443608,1.0,34.75,72.5,114.75,201.0,louvain
