,Total # Comm,# Nodes in Comms,% Nodes in Comms,# of Nodes in Network,count,mean,std,min,25%,50%,75%,max,Community Algo
2011,101,4411,1.0,4411,101.0,43.67326732673267,55.72541770339473,1.0,1.0,12.0,81.0,217.0,louvain
2012,88,4550,1.0,4550,88.0,51.70454545454545,59.46971780177873,1.0,1.0,27.5,81.0,207.0,louvain
2013,80,4857,1.0,4857,80.0,60.7125,56.93393767774778,1.0,1.75,52.0,110.0,237.0,louvain
2014,75,4768,1.0,4768,75.0,63.57333333333333,54.811020132158916,1.0,2.0,59.0,109.5,193.0,louvain
2015,77,4814,1.0,4814,77.0,62.51948051948052,61.9661644493888,1.0,3.0,46.0,106.0,230.0,louvain
2016,81,4718,1.0,4718,81.0,58.24691358024691,56.870363737230825,1.0,2.0,43.0,89.0,221.0,louvain
2017,74,4705,1.0,4705,74.0,63.58108108108108,62.024742468367506,1.0,3.25,51.5,105.25,252.0,louvain
2018,78,4640,1.0,4640,78.0,59.48717948717949,54.41680021085532,1.0,5.25,49.0,100.25,225.0,louvain
2019,76,4681,1.0,4681,76.0,61.5921052631579,53.307454796136206,1.0,4.25,58.5,94.25,211.0,louvain
2020,76,4617,1.0,4617,76.0,60.75,51.74556341690883,1.0,3.0,58.0,94.0,188.0,louvain
2021,68,4604,1.0,4604,68.0,67.70588235294117,52.71553024546541,1.0,18.0,65.0,98.0,188.0,louvain
